artist;title;description;dateSince;material;image;lat;lng;animal
De artiest volgt nog;Stilleven;De beschrijving volgt nog.;De plaatsingsdatum volgt nog;Het materiaal volgt nog;testimage;POINT52.354098159991501;POINT4.9270831277842;aap
De artiest volgt nog;Zonder titel - Onbekend;De beschrijving volgt nog.;De plaatsingsdatum volgt nog;Het materiaal volgt nog;testimage;POINT52.360625904147298;POINT4.83084500122489;aap
De artiest volgt nog;Arenden;De beschrijving volgt nog.;De plaatsingsdatum volgt nog;Het materiaal volgt nog;testimage;POINT52.351043204141497;POINT4.87471120126826;arend
De artiest volgt nog;Beertje;De beschrijving volgt nog.;De plaatsingsdatum volgt nog;Het materiaal volgt nog;testimage;POINT52.362515204148401;POINT4.8381705012323;beer
De artiest volgt nog;Dansende Beer;De beschrijving volgt nog.;De plaatsingsdatum volgt nog;Het materiaal volgt nog;testimage;POINT52.3573226284227;POINT4.91957919086266;beer
De artiest volgt nog;Orso;De beschrijving volgt nog.;De plaatsingsdatum volgt nog;Het materiaal volgt nog;testimage;POINT52.376062164126999;POINT4.85371136846036;beer
De artiest volgt nog;Staalman;De beschrijving volgt nog.;De plaatsingsdatum volgt nog;Het materiaal volgt nog;testimage;POINT52.349576049253699;POINT4.83194257529159;beer
De artiest volgt nog;Voor de bijen;De beschrijving volgt nog.;De plaatsingsdatum volgt nog;Het materiaal volgt nog;testimage;POINT52.372861293374797;POINT4.93381083144462;bij
De artiest volgt nog;Man met bizons;De beschrijving volgt nog.;De plaatsingsdatum volgt nog;Het materiaal volgt nog;testimage;POINT52.348028304139802;POINT4.86190430125531;bizon
De artiest volgt nog;Bokkenrijder;De beschrijving volgt nog.;De plaatsingsdatum volgt nog;Het materiaal volgt nog;testimage;POINT52.3601070664443;POINT4.92093150529738;bok, schaap
De artiest volgt nog;Moeder Aarde;De beschrijving volgt nog.;De plaatsingsdatum volgt nog;Het materiaal volgt nog;testimage;POINT52.358461604145802;POINT4.89086190128475;bok, vogel, slang, eekhoorn, paard
De artiest volgt nog;Fata Morgana;De beschrijving volgt nog.;De plaatsingsdatum volgt nog;Het materiaal volgt nog;testimage;POINT52.349201192208703;POINT4.91602599901832;dromedaris
De artiest volgt nog;Vogels en sterren;De beschrijving volgt nog.;De plaatsingsdatum volgt nog;Het materiaal volgt nog;testimage;POINT52.383829004161001;POINT4.8283160012235;duif
De artiest volgt nog;Vrede;De beschrijving volgt nog.;De plaatsingsdatum volgt nog;Het materiaal volgt nog;testimage;POINT52.352105470363298;POINT4.94140148296337;duif
De artiest volgt nog;Gevelstenen Cornelis Schuytstraat 67-69 - Hacquartstraat 30-32 en 19-27;De beschrijving volgt nog.;De plaatsingsdatum volgt nog;Het materiaal volgt nog;testimage;0;POINT0;duif, aap, gier
De artiest volgt nog;Eekhoorns en uilen;De beschrijving volgt nog.;De plaatsingsdatum volgt nog;Het materiaal volgt nog;testimage;POINT52.353206904142802;POINT4.86280830125647;eekhoorn, uil
De artiest volgt nog;Baksteenreliëf Eend in de golven;De beschrijving volgt nog.;De plaatsingsdatum volgt nog;Het materiaal volgt nog;testimage;POINT52.362183220892497;POINT4.80634689451104;eend
De artiest volgt nog;Bull;De beschrijving volgt nog.;De plaatsingsdatum volgt nog;Het materiaal volgt nog;testimage;POINT52.294194004107098;POINT4.97659400136744;stier
De artiest volgt nog;Barmhartige Samaritaan;De beschrijving volgt nog.;De plaatsingsdatum volgt nog;Het materiaal volgt nog;testimage;POINT52.371413904153698;POINT4.83819020123275;ezel
De artiest volgt nog;Ezeltje (Kost en de Baat);De beschrijving volgt nog.;De plaatsingsdatum volgt nog;Het materiaal volgt nog;testimage;POINT52.346692504139099;POINT4.80123200119461;ezel
De artiest volgt nog;Rij liggende betonganzen;De beschrijving volgt nog.;De plaatsingsdatum volgt nog;Het materiaal volgt nog;testimage;POINT52.321098956593403;POINT4.96214815346912;gans
De artiest volgt nog;Aap en gier;De beschrijving volgt nog.;De plaatsingsdatum volgt nog;Het materiaal volgt nog;testimage;POINT52.351397104141597;POINT4.87926050127282;gier, aap
De artiest volgt nog;Haan;De beschrijving volgt nog.;De plaatsingsdatum volgt nog;Het materiaal volgt nog;testimage;POINT52.355965504144599;POINT4.82144840121527;haan
De artiest volgt nog;Haan;De beschrijving volgt nog.;De plaatsingsdatum volgt nog;Het materiaal volgt nog;testimage;POINT52.3899408410295;POINT4.87538695462469;haan
De artiest volgt nog;Haan op zuil;De beschrijving volgt nog.;De plaatsingsdatum volgt nog;Het materiaal volgt nog;testimage;POINT52.386049734638;POINT4.87580269702222;haan
De artiest volgt nog;Jongen met haan;De beschrijving volgt nog.;De plaatsingsdatum volgt nog;Het materiaal volgt nog;testimage;POINT52.372590004154397;POINT4.81241600120707;haan
De artiest volgt nog;Jongen met haan;De beschrijving volgt nog.;De plaatsingsdatum volgt nog;Het materiaal volgt nog;testimage;POINT52.353957004143403;POINT4.80238100119612;haan
De artiest volgt nog;Vliegend Hert;De beschrijving volgt nog.;De plaatsingsdatum volgt nog;Het materiaal volgt nog;testimage;POINT52.3922405041655;POINT4.95673380135216;hert
De artiest volgt nog;2 hondjes;De beschrijving volgt nog.;De plaatsingsdatum volgt nog;Het materiaal volgt nog;testimage;POINT52.364017674622097;POINT4.84424114351139;hond
De artiest volgt nog;A happy dog from Bagdad /De droom van een hond;De beschrijving volgt nog.;De plaatsingsdatum volgt nog;Het materiaal volgt nog;testimage;POINT52.363395279215503;POINT4.86167550212558;hond
De artiest volgt nog;Hildo;De beschrijving volgt nog.;De plaatsingsdatum volgt nog;Het materiaal volgt nog;testimage;POINT52.3372926422917;POINT4.87253308422746;hond
De artiest volgt nog;Hond;De beschrijving volgt nog.;De plaatsingsdatum volgt nog;Het materiaal volgt nog;testimage;POINT52.371413904153698;POINT4.83819020123275;hond
De artiest volgt nog;Hondje;De beschrijving volgt nog.;De plaatsingsdatum volgt nog;Het materiaal volgt nog;testimage;POINT52.375432093108799;POINT4.84853235681578;hond
De artiest volgt nog;Monument politiehond 'Albert';De beschrijving volgt nog.;De plaatsingsdatum volgt nog;Het materiaal volgt nog;testimage;POINT52.360428953271899;POINT4.91942614448279;hond
De artiest volgt nog;Plastiek -Dikke vrindjes-;De beschrijving volgt nog.;De plaatsingsdatum volgt nog;Het materiaal volgt nog;testimage;POINT52.345459711219704;POINT4.92684768719149;hond
De artiest volgt nog;Speeldieren;De beschrijving volgt nog.;De plaatsingsdatum volgt nog;Het materiaal volgt nog;testimage;POINT52.354532004143699;POINT4.81682900121058;hond
De artiest volgt nog;Spelende hond;De beschrijving volgt nog.;De plaatsingsdatum volgt nog;Het materiaal volgt nog;testimage;POINT52.344391621230798;POINT4.88214612134678;hond
De artiest volgt nog;Droombeeld;De beschrijving volgt nog.;De plaatsingsdatum volgt nog;Het materiaal volgt nog;testimage;POINT52.378854295007798;POINT4.87758636601856;hond
De artiest volgt nog;Dierfiguren, Basisschool de Ark;De beschrijving volgt nog.;De plaatsingsdatum volgt nog;Het materiaal volgt nog;testimage;POINT52.326743004127003;POINT4.87471200126709;hond, dromedaris
De artiest volgt nog;Nationaal Monument;De beschrijving volgt nog.;De plaatsingsdatum volgt nog;Het materiaal volgt nog;testimage;POINT52.3727925165052;POINT4.89373862872209;hond, duif, leeuw
De artiest volgt nog;Het kompas;De beschrijving volgt nog.;De plaatsingsdatum volgt nog;Het materiaal volgt nog;testimage;POINT52.357180889218597;POINT4.8908371910261;ijsbeer, koala, walrus
De artiest volgt nog;Poolkleed;De beschrijving volgt nog.;De plaatsingsdatum volgt nog;Het materiaal volgt nog;testimage;POINT52.388979964444303;POINT4.88747567066683;ijsbeer, zeeleeuw, hert, wolf, walvis, vogel
De artiest volgt nog;Vlucht van een kakatoe;De beschrijving volgt nog.;De plaatsingsdatum volgt nog;Het materiaal volgt nog;testimage;POINT52.340242494927899;POINT4.9064469350458;kakatoe
De artiest volgt nog;Kangoeroe met jong;De beschrijving volgt nog.;De plaatsingsdatum volgt nog;Het materiaal volgt nog;testimage;POINT52.350182004140798;POINT4.90668280130016;kangoeroe
De artiest volgt nog;Zonder titel - Onbekend;De beschrijving volgt nog.;De plaatsingsdatum volgt nog;Het materiaal volgt nog;testimage;POINT52.355467304144298;POINT4.8304076012242;kat, ezel
De artiest volgt nog;Zonder titel - 1995 Ootje oxenaar;De beschrijving volgt nog.;De plaatsingsdatum volgt nog;Het materiaal volgt nog;testimage;POINT52.363825704148802;POINT4.92680740132093;kikker, koe, paard
De artiest volgt nog;Zonder titel - Renze Hettema;De beschrijving volgt nog.;De plaatsingsdatum volgt nog;Het materiaal volgt nog;testimage;POINT52.360625904147298;POINT4.83084500122489;kip
De artiest volgt nog;"Gevelstenen ""dierfiguren""";De beschrijving volgt nog.;De plaatsingsdatum volgt nog;Het materiaal volgt nog;testimage;POINT52.345535904138103;POINT4.90439500129766;koe, konijn, ezel
De artiest volgt nog;Corned Beef;De beschrijving volgt nog.;De plaatsingsdatum volgt nog;Het materiaal volgt nog;testimage;POINT52.3682286601952;POINT4.94246626509112;koe, rund
De artiest volgt nog;ZUID 1930;De beschrijving volgt nog.;De plaatsingsdatum volgt nog;Het materiaal volgt nog;testimage;POINT52.341160186727201;POINT4.89550352225414;lam
De artiest volgt nog;De mens in de schepping;De beschrijving volgt nog.;De plaatsingsdatum volgt nog;Het materiaal volgt nog;testimage;POINT52.349208838627703;POINT4.89951610694482;leeuw
De artiest volgt nog;Gevelstenen Koninginneweg 2;De beschrijving volgt nog.;De plaatsingsdatum volgt nog;Het materiaal volgt nog;testimage;POINT52.353206904142802;POINT4.86280830125647;leeuw
De artiest volgt nog;Leeuwen;De beschrijving volgt nog.;De plaatsingsdatum volgt nog;Het materiaal volgt nog;testimage;POINT52.357988307882202;POINT4.90807451182683;leeuw
De artiest volgt nog;Leeuwen Beatrixpark Artsenijhof;De beschrijving volgt nog.;De plaatsingsdatum volgt nog;Het materiaal volgt nog;testimage;POINT52.341061863516899;POINT4.8851501954463;leeuw
De artiest volgt nog;Leeuwen Beatrixpark bij toegang RAI;De beschrijving volgt nog.;De plaatsingsdatum volgt nog;Het materiaal volgt nog;testimage;POINT52.341592806255697;POINT4.88507509359383;leeuw
De artiest volgt nog;Zonder titel - Jan van der Woude;De beschrijving volgt nog.;De plaatsingsdatum volgt nog;Het materiaal volgt nog;testimage;POINT52.360085204146998;POINT4.83659770123061;leeuw
De artiest volgt nog;Zonder titel (Waterspuwer leeuwekop);De beschrijving volgt nog.;De plaatsingsdatum volgt nog;Het materiaal volgt nog;testimage;POINT52.3509339111367;POINT4.93312094617534;leeuw
De artiest volgt nog;Monument Indië Nederland;De beschrijving volgt nog.;De plaatsingsdatum volgt nog;Het materiaal volgt nog;testimage;POINT52.350126344333098;POINT4.86557006961846;leeuw, duif, slang, vogel, tijger
De artiest volgt nog;Bladmotieven en merel;De beschrijving volgt nog.;De plaatsingsdatum volgt nog;Het materiaal volgt nog;testimage;POINT52.381997839499697;POINT4.86677169925987;merel, vogel
De artiest volgt nog;Mosselbestekjurk (1998);De beschrijving volgt nog.;De plaatsingsdatum volgt nog;Het materiaal volgt nog;testimage;POINT52.400793604170701;POINT4.93377190132963;mossel
De artiest volgt nog;Overburen;De beschrijving volgt nog.;De plaatsingsdatum volgt nog;Het materiaal volgt nog;testimage;POINT52.355327913739202;POINT4.91039112406169;mus, duif, vlo, hond, mens, kat, muis, rat
De artiest volgt nog;Animaris Rhinoceros Transport;De beschrijving volgt nog.;De plaatsingsdatum volgt nog;Het materiaal volgt nog;testimage;POINT52.354888568806103;POINT4.77151459665154;neushoorn
De artiest volgt nog;Nijlpaard;De beschrijving volgt nog.;De plaatsingsdatum volgt nog;Het materiaal volgt nog;testimage;POINT52.357369874636397;POINT4.98980596799926;nijllpaard
De artiest volgt nog;Nijlpaardjes;De beschrijving volgt nog.;De plaatsingsdatum volgt nog;Het materiaal volgt nog;testimage;POINT52.333880400640403;POINT4.88436699041283;nijlpaard
De artiest volgt nog;India;De beschrijving volgt nog.;De plaatsingsdatum volgt nog;Het materiaal volgt nog;testimage;POINT52.370567965967403;POINT4.83100780161942;olifant
De artiest volgt nog;Olifant;De beschrijving volgt nog.;De plaatsingsdatum volgt nog;Het materiaal volgt nog;testimage;POINT52.369503004152598;POINT4.81724600121174;olifant
De artiest volgt nog;Dubbeltjespanden;De beschrijving volgt nog.;De plaatsingsdatum volgt nog;Het materiaal volgt nog;testimage;POINT52.360853194310202;POINT4.91217613350831;olifant, kat, vogel
De artiest volgt nog;Olifant en nijlpaard;De beschrijving volgt nog.;De plaatsingsdatum volgt nog;Het materiaal volgt nog;testimage;POINT52.348028304139802;POINT4.86190430125531;olifant, nijlpaard
De artiest volgt nog;Vrouw, kind, boer en muzikant;De beschrijving volgt nog.;De plaatsingsdatum volgt nog;Het materiaal volgt nog;testimage;POINT52.380017004158802;POINT4.8288090012238;os
De artiest volgt nog;De geboorte van de daad;De beschrijving volgt nog.;De plaatsingsdatum volgt nog;Het materiaal volgt nog;testimage;POINT52.349182623899203;POINT4.89955902228909;paard
De artiest volgt nog;Gevleugeld paard;De beschrijving volgt nog.;De plaatsingsdatum volgt nog;Het materiaal volgt nog;testimage;POINT52.359713504146903;POINT4.78068450117473;paard
De artiest volgt nog;In Gesprek;De beschrijving volgt nog.;De plaatsingsdatum volgt nog;Het materiaal volgt nog;testimage;0;POINT0;paard
De artiest volgt nog;Manegedeuren - Zonder titel;De beschrijving volgt nog.;De plaatsingsdatum volgt nog;Het materiaal volgt nog;testimage;0;POINT0;paard
De artiest volgt nog;Paard;De beschrijving volgt nog.;De plaatsingsdatum volgt nog;Het materiaal volgt nog;testimage;POINT52.359209104146501;POINT4.82728790122126;paard
De artiest volgt nog;Paard;De beschrijving volgt nog.;De plaatsingsdatum volgt nog;Het materiaal volgt nog;testimage;POINT52.3485317041401;POINT4.83787100123132;paard
De artiest volgt nog;Polospeler en Ruiter te paard;De beschrijving volgt nog.;De plaatsingsdatum volgt nog;Het materiaal volgt nog;testimage;POINT52.344744304137798;POINT4.86541980125867;paard
De artiest volgt nog;Ridderfiguren;De beschrijving volgt nog.;De plaatsingsdatum volgt nog;Het materiaal volgt nog;testimage;POINT52.383829004161001;POINT4.82827300122345;paard
De artiest volgt nog;Ruiter;De beschrijving volgt nog.;De plaatsingsdatum volgt nog;Het materiaal volgt nog;testimage;POINT52.328927101175097;POINT4.87026929981622;paard
De artiest volgt nog;Ruiter;De beschrijving volgt nog.;De plaatsingsdatum volgt nog;Het materiaal volgt nog;testimage;POINT52.3685707216897;POINT4.80507016301899;paard
De artiest volgt nog;Ruiterstandbeeld Koningin Wilhelmina;De beschrijving volgt nog.;De plaatsingsdatum volgt nog;Het materiaal volgt nog;testimage;POINT52.368852304152;POINT4.8904074012848;paard
De artiest volgt nog;Steenplastiek Rij ruiters;De beschrijving volgt nog.;De plaatsingsdatum volgt nog;Het materiaal volgt nog;testimage;POINT52.352360432039902;POINT4.81047523328375;paard
De artiest volgt nog;Tegeltableau Wingerdweg, Barmhartige Samaritaan;De beschrijving volgt nog.;De plaatsingsdatum volgt nog;Het materiaal volgt nog;testimage;POINT52.391124704165101;POINT4.91652400131195;paard
De artiest volgt nog;Wachter;De beschrijving volgt nog.;De plaatsingsdatum volgt nog;Het materiaal volgt nog;testimage;POINT52.3593658757909;POINT4.77995395777798;paard
De artiest volgt nog;Willem van Oranje (1533-1584);De beschrijving volgt nog.;De plaatsingsdatum volgt nog;Het materiaal volgt nog;testimage;POINT52.346655450608203;POINT4.87806246264837;paard
De artiest volgt nog;Zeemeermin en paardje;De beschrijving volgt nog.;De plaatsingsdatum volgt nog;Het materiaal volgt nog;testimage;POINT52.348596204140101;POINT4.86048380125392;paard
De artiest volgt nog;Zonder titel - Arthur Spronken;De beschrijving volgt nog.;De plaatsingsdatum volgt nog;Het materiaal volgt nog;testimage;POINT52.373029004154603;POINT4.83007300122472;paard
De artiest volgt nog;Keramische panelen;De beschrijving volgt nog.;De plaatsingsdatum volgt nog;Het materiaal volgt nog;testimage;0;POINT0;paard
De artiest volgt nog;Reliëftegels, Dieren;De beschrijving volgt nog.;De plaatsingsdatum volgt nog;Het materiaal volgt nog;testimage;POINT52.346896202638199;POINT4.8633055727457;paard, kikker, vogel, aap
De artiest volgt nog;Kinderbrug;De beschrijving volgt nog.;De plaatsingsdatum volgt nog;Het materiaal volgt nog;testimage;POINT52.347388027857797;POINT4.88601709149242;paard, konijn, eekhoorn, vis, kat, poes, vogel, lam, slak, slakkenhuis, hond, bizon
De artiest volgt nog;Zonder titel - Hildo Krop - Christiaan de Wetstraat 23;De beschrijving volgt nog.;De plaatsingsdatum volgt nog;Het materiaal volgt nog;testimage;POINT52.354476634168002;POINT4.91899059754682;paard, vos, bok, raaf, leeuw
De artiest volgt nog;Schildering speelplaats;De beschrijving volgt nog.;De plaatsingsdatum volgt nog;Het materiaal volgt nog;testimage;POINT52.355701965945997;POINT4.93343353562452;panter, paard, kikker, neushoorn, kangoeroe
De artiest volgt nog;Erkerversieringen;De beschrijving volgt nog.;De plaatsingsdatum volgt nog;Het materiaal volgt nog;testimage;POINT52.358919883352797;POINT4.91132045726372;papegaai, ram, schaap
De artiest volgt nog;Rouw en Landschap met palmen;De beschrijving volgt nog.;De plaatsingsdatum volgt nog;Het materiaal volgt nog;testimage;POINT52.344873704137598;POINT4.93541110132862;pauw
De artiest volgt nog;Pelikanen en oude-mannenkoppen;De beschrijving volgt nog.;De plaatsingsdatum volgt nog;Het materiaal volgt nog;testimage;POINT52.353156404142801;POINT4.8726516012663;pelikaan
De artiest volgt nog;Zonder titel - Onbekend;De beschrijving volgt nog.;De plaatsingsdatum volgt nog;Het materiaal volgt nog;testimage;0;POINT0;pelikaan
De artiest volgt nog;Pinguins;De beschrijving volgt nog.;De plaatsingsdatum volgt nog;Het materiaal volgt nog;testimage;POINT52.343518239555998;POINT4.8830097926504;pinguin
De artiest volgt nog;Vogelparade;De beschrijving volgt nog.;De plaatsingsdatum volgt nog;Het materiaal volgt nog;testimage;POINT52.312998004118498;POINT4.95492000134664;pinguin, vogel
De artiest volgt nog;Rode poes;De beschrijving volgt nog.;De plaatsingsdatum volgt nog;Het materiaal volgt nog;testimage;0;POINT0;poes, kat
De artiest volgt nog;Meisje op Pony;De beschrijving volgt nog.;De plaatsingsdatum volgt nog;Het materiaal volgt nog;testimage;POINT52.355243504144099;POINT4.81998700121377;pony
De artiest volgt nog;Purperslak;De beschrijving volgt nog.;De plaatsingsdatum volgt nog;Het materiaal volgt nog;testimage;POINT52.355198496483901;POINT4.79272127270142;purperslak
De artiest volgt nog;Man op ram;De beschrijving volgt nog.;De plaatsingsdatum volgt nog;Het materiaal volgt nog;testimage;POINT52.349448004140498;POINT4.87978140127325;ram
De artiest volgt nog;Ramskoppen;De beschrijving volgt nog.;De plaatsingsdatum volgt nog;Het materiaal volgt nog;testimage;POINT52.356442504144702;POINT4.87990810127371;ram
De artiest volgt nog;Ram met rol;De beschrijving volgt nog.;De plaatsingsdatum volgt nog;Het materiaal volgt nog;testimage;POINT52.350635686768797;POINT4.90550691293843;ram, vogel, vos
De artiest volgt nog;Rattenvanger van Hamelen;De beschrijving volgt nog.;De plaatsingsdatum volgt nog;Het materiaal volgt nog;testimage;POINT52.354114195359102;POINT4.93785872846491;rat
De artiest volgt nog;Het orgel - Zonder titel;De beschrijving volgt nog.;De plaatsingsdatum volgt nog;Het materiaal volgt nog;testimage;POINT52.292932649324001;POINT4.97461259501622;reiger
De artiest volgt nog;RVS beeld in water;De beschrijving volgt nog.;De plaatsingsdatum volgt nog;Het materiaal volgt nog;testimage;POINT52.342641563301399;POINT4.88209247716634;reiger
De artiest volgt nog;Vliegende Reiger;De beschrijving volgt nog.;De plaatsingsdatum volgt nog;Het materiaal volgt nog;testimage;POINT52.354081704142999;POINT4.93767410133132;reiger
De artiest volgt nog;Reiger, Eekhoorn, Hert;De beschrijving volgt nog.;De plaatsingsdatum volgt nog;Het materiaal volgt nog;testimage;POINT52.354081704142999;POINT4.93767410133132;reiger, eekhoorn, hert
De artiest volgt nog;Roofvogel en slang;De beschrijving volgt nog.;De plaatsingsdatum volgt nog;Het materiaal volgt nog;testimage;POINT52.348596204140101;POINT4.86048380125392;roofvogel, vogel, slang
De artiest volgt nog;Vondelbrug;De beschrijving volgt nog.;De plaatsingsdatum volgt nog;Het materiaal volgt nog;testimage;POINT52.360326027221497;POINT4.87710091352694;roofvogel, zwijn, leguaan
De artiest volgt nog;De Goede Herder;De beschrijving volgt nog.;De plaatsingsdatum volgt nog;Het materiaal volgt nog;testimage;POINT52.367184504151197;POINT4.83649860123086;schaap
De artiest volgt nog;Schaap  met vijf poten;De beschrijving volgt nog.;De plaatsingsdatum volgt nog;Het materiaal volgt nog;testimage;POINT52.359208623329501;POINT4.79104757427465;schaap
De artiest volgt nog;Schaapjes;De beschrijving volgt nog.;De plaatsingsdatum volgt nog;Het materiaal volgt nog;testimage;POINT52.359096007290702;POINT4.80493689075796;schaap
De artiest volgt nog;Schaapjes - Sondaar-Dobbelman;De beschrijving volgt nog.;De plaatsingsdatum volgt nog;Het materiaal volgt nog;testimage;POINT52.359048759658002;POINT4.79154053495542;schaap
De artiest volgt nog;Man en schaap;De beschrijving volgt nog.;De plaatsingsdatum volgt nog;Het materiaal volgt nog;testimage;POINT52.366166509263103;POINT4.95165825024723;schaap
De artiest volgt nog;Zuildragende schildpad;De beschrijving volgt nog.;De plaatsingsdatum volgt nog;Het materiaal volgt nog;testimage;POINT52.369391311682499;POINT4.90163898632546;schildpad
De artiest volgt nog;Dierenfontein;De beschrijving volgt nog.;De plaatsingsdatum volgt nog;Het materiaal volgt nog;testimage;POINT52.351279004141603;POINT4.88323500127679;schildpad, rat, kikker, slak, tor, salamander
De artiest volgt nog;De slak;De beschrijving volgt nog.;De plaatsingsdatum volgt nog;Het materiaal volgt nog;testimage;POINT52.299730004110302;POINT4.99536500138647;slak
De artiest volgt nog;De Slang;De beschrijving volgt nog.;De plaatsingsdatum volgt nog;Het materiaal volgt nog;testimage;POINT52.364358350500297;POINT4.86595630771767;slang
De artiest volgt nog;Mozartbrug;De beschrijving volgt nog.;De plaatsingsdatum volgt nog;Het materiaal volgt nog;testimage;POINT52.349575843195197;POINT4.88471031316783;slang
De artiest volgt nog;Slang en aap;De beschrijving volgt nog.;De plaatsingsdatum volgt nog;Het materiaal volgt nog;testimage;POINT52.3497018041407;POINT4.8698115012633;slang, aap
De artiest volgt nog;Slang en aap;De beschrijving volgt nog.;De plaatsingsdatum volgt nog;Het materiaal volgt nog;testimage;POINT52.348949604140202;POINT4.87473120126818;slang, aap
De artiest volgt nog;Zes anamorphosen;De beschrijving volgt nog.;De plaatsingsdatum volgt nog;Het materiaal volgt nog;testimage;POINT52.366144016815298;POINT4.86856842176032;slang, kameleon, vink, bidsprinkhaan, pitbull
De artiest volgt nog;Brug 404;De beschrijving volgt nog.;De plaatsingsdatum volgt nog;Het materiaal volgt nog;testimage;POINT52.3482141471654;POINT4.89123601573053;slang, vis
De artiest volgt nog;Leeszaal, gevelsteen;De beschrijving volgt nog.;De plaatsingsdatum volgt nog;Het materiaal volgt nog;testimage;POINT52.3505860041411;POINT4.89902990129254;slang
De artiest volgt nog;Man met ketting & man met slang;De beschrijving volgt nog.;De plaatsingsdatum volgt nog;Het materiaal volgt nog;testimage;POINT52.3461019041385;POINT4.88515980127846;slang
De artiest volgt nog;Steenbok;De beschrijving volgt nog.;De plaatsingsdatum volgt nog;Het materiaal volgt nog;testimage;POINT52.359713504146903;POINT4.78068450117473;steenbok
De artiest volgt nog;Varkenskop in ronde omlijsting;De beschrijving volgt nog.;De plaatsingsdatum volgt nog;Het materiaal volgt nog;testimage;POINT52.368015779612499;POINT4.94027994624812;varken
De artiest volgt nog;Bestrating met beesten;De beschrijving volgt nog.;De plaatsingsdatum volgt nog;Het materiaal volgt nog;testimage;POINT52.3680978042132;POINT4.93726943757732;varken, paard, ezel
De artiest volgt nog;Gevelmozaïek, Twee vissen;De beschrijving volgt nog.;De plaatsingsdatum volgt nog;Het materiaal volgt nog;testimage;POINT52.323320304124998;POINT4.87234560126456;vis
De artiest volgt nog;N.L.I;De beschrijving volgt nog.;De plaatsingsdatum volgt nog;Het materiaal volgt nog;testimage;POINT52.3509656041414;POINT4.89118210128471;vis
De artiest volgt nog;Noordzeevissen;De beschrijving volgt nog.;De plaatsingsdatum volgt nog;Het materiaal volgt nog;testimage;POINT52.388851081968603;POINT4.89020848411518;vis
De artiest volgt nog;Onder water;De beschrijving volgt nog.;De plaatsingsdatum volgt nog;Het materiaal volgt nog;testimage;POINT52.380581004159197;POINT4.81773700121277;vis
De artiest volgt nog;Putdeksels met gedichten;De beschrijving volgt nog.;De plaatsingsdatum volgt nog;Het materiaal volgt nog;testimage;POINT52.354320413612697;POINT4.98264312881768;vis
De artiest volgt nog;Twee vissen en glaskunst;De beschrijving volgt nog.;De plaatsingsdatum volgt nog;Het materiaal volgt nog;testimage;POINT52.376127004156501;POINT4.82421800121903;vis
De artiest volgt nog;Vissen;De beschrijving volgt nog.;De plaatsingsdatum volgt nog;Het materiaal volgt nog;testimage;POINT52.3612397578867;POINT4.9762487425201;vis
De artiest volgt nog;Waterdraagster met Vissen;De beschrijving volgt nog.;De plaatsingsdatum volgt nog;Het materiaal volgt nog;testimage;POINT52.368079408261899;POINT4.8676729214891;vis
De artiest volgt nog;Zeemeermin-fontein;De beschrijving volgt nog.;De plaatsingsdatum volgt nog;Het materiaal volgt nog;testimage;POINT52.343238266875403;POINT4.88388874255509;vis
De artiest volgt nog;Toekomst der Jeugd;De beschrijving volgt nog.;De plaatsingsdatum volgt nog;Het materiaal volgt nog;testimage;POINT52.352478504142503;POINT4.82448020121813;vis, kat
De artiest volgt nog;Koi fish;De beschrijving volgt nog.;De plaatsingsdatum volgt nog;Het materiaal volgt nog;testimage;POINT52.353757732419901;POINT4.91437089556546;vis, koi, karper
De artiest volgt nog;Maskerkop en vis;De beschrijving volgt nog.;De plaatsingsdatum volgt nog;Het materiaal volgt nog;testimage;POINT52.3497018041407;POINT4.8698115012633;vis
De artiest volgt nog;Land, water, licht;De beschrijving volgt nog.;De plaatsingsdatum volgt nog;Het materiaal volgt nog;testimage;POINT52.340383120141503;POINT4.84742379405717;vis, vogel
De artiest volgt nog;Vissen, boten, vogels;De beschrijving volgt nog.;De plaatsingsdatum volgt nog;Het materiaal volgt nog;testimage;POINT52.384117004161197;POINT4.81524800121046;vis, vogel
De artiest volgt nog;Vlindermolen;De beschrijving volgt nog.;De plaatsingsdatum volgt nog;Het materiaal volgt nog;testimage;POINT52.341614616696702;POINT4.81150606338418;vlinder
De artiest volgt nog;Vlinders;De beschrijving volgt nog.;De plaatsingsdatum volgt nog;Het materiaal volgt nog;testimage;POINT52.365590002910999;POINT4.94615435734315;vlinder
De artiest volgt nog;Zonder titel - Gerrit Benner;De beschrijving volgt nog.;De plaatsingsdatum volgt nog;Het materiaal volgt nog;testimage;POINT52.3535589041431;POINT4.8324021012261;vlinder
De artiest volgt nog;Muurschildering West;De beschrijving volgt nog.;De plaatsingsdatum volgt nog;Het materiaal volgt nog;testimage;POINT52.387508004163003;POINT4.87854600127385;vlinder
De artiest volgt nog;De blauwe vogel van het geluk;De beschrijving volgt nog.;De plaatsingsdatum volgt nog;Het materiaal volgt nog;testimage;0;POINT0;vogel
De artiest volgt nog;Jongen, meisje, vogels;De beschrijving volgt nog.;De plaatsingsdatum volgt nog;Het materiaal volgt nog;testimage;POINT52.382048004159998;POINT4.83275800122785;vogel
De artiest volgt nog;Mensfiguur en Roofvogel;De beschrijving volgt nog.;De plaatsingsdatum volgt nog;Het materiaal volgt nog;testimage;POINT52.349926939983597;POINT4.89928720922731;vogel
De artiest volgt nog;Metaalreliëf Vogel;De beschrijving volgt nog.;De plaatsingsdatum volgt nog;Het materiaal volgt nog;testimage;POINT52.356397904144899;POINT4.77999760117388;vogel
De artiest volgt nog;Pleinontwerp;De beschrijving volgt nog.;De plaatsingsdatum volgt nog;Het materiaal volgt nog;testimage;POINT52.369855104152499;POINT4.91594330131036;vogel
De artiest volgt nog;Speelgeheel - Zonder titel;De beschrijving volgt nog.;De plaatsingsdatum volgt nog;Het materiaal volgt nog;testimage;0;POINT0;vogel
De artiest volgt nog;Uitvliegende Vogels;De beschrijving volgt nog.;De plaatsingsdatum volgt nog;Het materiaal volgt nog;testimage;POINT52.353675004143199;POINT4.8071790012009;vogel
De artiest volgt nog;Vogels;De beschrijving volgt nog.;De plaatsingsdatum volgt nog;Het materiaal volgt nog;testimage;POINT52.377633004157403;POINT4.8179090012128;vogel
De artiest volgt nog;Vogels, mensen, kranen;De beschrijving volgt nog.;De plaatsingsdatum volgt nog;Het materiaal volgt nog;testimage;POINT52.377568004157297;POINT4.81782300121271;vogel
De artiest volgt nog;Vogelvlucht;De beschrijving volgt nog.;De plaatsingsdatum volgt nog;Het materiaal volgt nog;testimage;POINT52.371153904153502;POINT4.8378477012324;vogel
De artiest volgt nog;Zonder titel - Lex Metz;De beschrijving volgt nog.;De plaatsingsdatum volgt nog;Het materiaal volgt nog;testimage;POINT52.350678204141403;POINT4.82426430121782;vogel
De artiest volgt nog;Zwerm;De beschrijving volgt nog.;De plaatsingsdatum volgt nog;Het materiaal volgt nog;testimage;POINT52.351033004141698;POINT4.79368500118728;vogel, insect, vuurvlieg
De artiest volgt nog;Mini Wereld;De beschrijving volgt nog.;De plaatsingsdatum volgt nog;Het materiaal volgt nog;testimage;POINT52.362515204148401;POINT4.8381705012323;vogel, paard
De artiest volgt nog;De raaf;De beschrijving volgt nog.;De plaatsingsdatum volgt nog;Het materiaal volgt nog;testimage;POINT52.354058295942401;POINT4.86245870715826;vogel, raaf
De artiest volgt nog;Figure découpée l'Oiseau;De beschrijving volgt nog.;De plaatsingsdatum volgt nog;Het materiaal volgt nog;testimage;POINT52.357459420302099;POINT4.86802096545007;vogel, vis
De artiest volgt nog;Vogels & Vissen;De beschrijving volgt nog.;De plaatsingsdatum volgt nog;Het materiaal volgt nog;testimage;POINT52.383960004161104;POINT4.8273070012225;vogel, vis
De artiest volgt nog;Vogels, vissen, maan, hand;De beschrijving volgt nog.;De plaatsingsdatum volgt nog;Het materiaal volgt nog;testimage;POINT52.379559004158502;POINT4.83091200122588;vogel, vis
De artiest volgt nog;Zonder titel - Onbekend;De beschrijving volgt nog.;De plaatsingsdatum volgt nog;Het materiaal volgt nog;testimage;POINT52.359090804146497;POINT4.82138210121536;vogel, vis
De artiest volgt nog;Zonder titel - Jacob Maris;De beschrijving volgt nog.;De plaatsingsdatum volgt nog;Het materiaal volgt nog;testimage;POINT52.361501832965097;POINT4.83638763550781;vogel, vis, paard, ree
De artiest volgt nog;Vosfontein;De beschrijving volgt nog.;De plaatsingsdatum volgt nog;Het materiaal volgt nog;testimage;POINT52.345983548390301;POINT4.88432939876146;vos
De artiest volgt nog;Pacific;De beschrijving volgt nog.;De plaatsingsdatum volgt nog;Het materiaal volgt nog;testimage;POINT52.356940778855503;POINT4.89094647112121;walvis
De artiest volgt nog;Waterbuffel;De beschrijving volgt nog.;De plaatsingsdatum volgt nog;Het materiaal volgt nog;testimage;POINT52.376915591744599;POINT4.84138092531769;waterbuffel
De artiest volgt nog;Waterbuffels;De beschrijving volgt nog.;De plaatsingsdatum volgt nog;Het materiaal volgt nog;testimage;POINT52.326003004126598;POINT4.87490100126724;waterbuffel
De artiest volgt nog;Zonder titel (Le Zébreur);De beschrijving volgt nog.;De plaatsingsdatum volgt nog;Het materiaal volgt nog;testimage;POINT52.371931159018402;POINT4.87136364109746;zebra
De artiest volgt nog;Zonder titel - Margaretha de Goede-Taal;De beschrijving volgt nog.;De plaatsingsdatum volgt nog;Het materiaal volgt nog;testimage;POINT52.360625904147298;POINT4.83084500122489;zeeleeuw
De artiest volgt nog;Speelobjecten Zeeleeuw en Monster;De beschrijving volgt nog.;De plaatsingsdatum volgt nog;Het materiaal volgt nog;testimage;POINT52.383361517440797;POINT4.85339233036235;zeeleeuw, inktvis
De artiest volgt nog;P.L. Kramerbrug;De beschrijving volgt nog.;De plaatsingsdatum volgt nog;Het materiaal volgt nog;testimage;POINT52.3499166304222;POINT4.90960121285092;zeerob
De artiest volgt nog;Timo Smeehuijzenbrug;De beschrijving volgt nog.;De plaatsingsdatum volgt nog;Het materiaal volgt nog;testimage;POINT52.351148685400403;POINT4.87904548772279;zeerob
De artiest volgt nog;Zwanen;De beschrijving volgt nog.;De plaatsingsdatum volgt nog;Het materiaal volgt nog;testimage;POINT52.349273904140603;POINT4.84060520123409;zwaan
De artiest volgt nog;Leda en de zwaan;De beschrijving volgt nog.;De plaatsingsdatum volgt nog;Het materiaal volgt nog;testimage;POINT52.375118997505602;POINT4.85285306157469;zwaan, vogel
De artiest volgt nog;Warthog;De beschrijving volgt nog.;De plaatsingsdatum volgt nog;Het materiaal volgt nog;testimage;POINT52.294207004107101;POINT4.97668300136753;zwijn
De artiest volgt nog;Gevelplastiek - Mauritskade 11;De beschrijving volgt nog.;De plaatsingsdatum volgt nog;Het materiaal volgt nog;testimage;POINT52.360158589250801;POINT4.91133735104284;koe
De artiest volgt nog;Hazentafel;De beschrijving volgt nog.;De plaatsingsdatum volgt nog;Het materiaal volgt nog;testimage;POINT52.353602862793203;POINT4.86800551540658;varken
De artiest volgt nog;Wayang / Into the Shadow;De beschrijving volgt nog.;De plaatsingsdatum volgt nog;Het materiaal volgt nog;testimage;POINT52.353153978044901;POINT4.91413951050881;varken
De artiest volgt nog;Blauw Jan;De beschrijving volgt nog.;De plaatsingsdatum volgt nog;Het materiaal volgt nog;testimage;POINT52.363301204148698;POINT4.88320280127733;kat
De artiest volgt nog;Hans Snoek fontein;De beschrijving volgt nog.;De plaatsingsdatum volgt nog;Het materiaal volgt nog;testimage;POINT52.363704840131803;POINT4.88167673476963;bok
